{
  "clearInfo": {
    "clearUrl": "api/clear.json"
  },
  "homeInfo": {
    "title": "首页 home",
    "icon": "fa fa-home",
    "href": "page/welcome.html?mpi=m-p-i-0"
  },
  "logoInfo": {
    "title": "电商后台管理",
    "href": ""
  },
  "menuInfo": {
    "currency": {
      "title": "商城管理",
      "icon": "fa fa-address-book",
      "child": [
        {
          "title": "分类管理",
          "href": "page/classif.html",
          "icon": "fa fa-th-large",
          "target": "_self"
        },
        {
          "title": "商品管理",
          "href": "",
          "icon": "fa fa-calendar",
          "target": "_self",
          "child": [
            {
              "title": "商品列表",
              "href": "page/goods-list.html",
              "icon": "fa fa-list-alt",
              "target": "_self"
            },
            {
              "title": "商品添加",
              "href": "page/goods-add.html",
              "icon": "fa fa-navicon",
              "target": "_self"
            }
          ]
        }
      ]
    }
  }
}
